COUNTRY,LATITUDE,LONGITUDE,TOTAL_DEATHS,TOTAL_INJURIES,TOTAL_HOUSES_DESTROYED,TOTAL_HOUSES_DAMAGED
KYRGYZSTAN,40.288,72.985,,,5385,
GUATEMALA,14.129,-91.479,,,,
INDONESIA,-0.795,134.012,,6,,22
ALGERIA,35.616,-0.57,1,,,
BANGLADESH,22.761,92.333,,,,
INDONESIA,1.011,97.442,1,5,,
CONGO,-2.296,28.9,38,717,99,815
INDIA,23.433,87.111,1,50,,
MEXICO,32.456,-115.315,,,,
IRAN,31.73,51.2,,10,,70
RWANDA,-2.404,28.918,1,109,,5
LEBANON,33.327,35.305,,10,,
INDONESIA,2.768,95.964,3,25,,
USA,41.153,-114.867,,3,,720
INDONESIA,-2.486,99.972,,,,
UK,53.403,-0.332,,1,,
BRAZIL,-3.7,-40.35,,,,
INDIA,23.33,70.592,,,,
CHINA,35.49,81.467,,,2200,
PERU,-12.178,-77.164,,1,5,
NEW CALEDONIA,-20.071,168.892,,,,
GUATEMALA,13.564,-90.599,,,,8
USA,38.452,-87.886,,,,
USA,39.52,-119.93,,,,
VANUATU,-19.941,168.953,,,,
IRAN,33.86,48.59,,100,,
JAPAN,36.158,141.521,,6,,
CHINA,31.002,103.322,87652,374171,5360000,21000000
BRAZIL,-3.91,-40.44,,,,
COLOMBIA,4.33,-73.764,6,,,
CHINA,32.57,105.424,8,927,400000,
COSTA RICA,8.423,-82.968,,,,
CHINA,32.71,105.54,,,20000,
ICELAND,64.004,-21.012,,30,,
ALGERIA,35.883,-0.658,1,30,,
INDIA,24.702,84.964,,2,,
GREECE,37.963,21.525,2,240,1156,
JAPAN,39.03,140.881,13,357,,614
PERU,-10.368,-75.512,,45,60,25
IRAN,35.5,58.8,,,,
RUSSIA,53.882,152.886,,,,
PERU,-15.986,-71.748,1,,,
JAPAN,37.552,142.214,,,,
JAPAN,39.802,141.464,1,200,,90
CHINA,32.747,105.542,1,17,1200,
USA,33.953,-117.761,,8,,
CHINA,32.036,104.722,,231,540,2450
CHINA,32.756,105.494,4,29,,
VENEZUELA,10.514,-64.171,,,,50
PHILIPPINES,12.897,124.319,,,,
CHINA,25.051,97.919,,,5,2420
CHINA,25.044,97.684,5,127,,
NEW ZEALAND,-39.715,176.851,,,,
CHINA,30.901,83.52,,,,700
ATLANTIC OCEAN,-52.533,26.417,,,,
RUSSIA,51.607,104.158,,,,
CHINA,26.272,101.937,43,589,392000,
TURKEY,37.507,38.503,,,,
INDONESIA,-3.935,103.058,2,,,113
IRAN,26.743,55.828,7,45,,
JAPAN,41.892,143.754,,,,
INDIA,17.438,73.915,1,20,,1500
KYRGYZSTAN,39.533,73.824,74,140,,
CHINA,29.807,90.35,9,19,,
RUSSIA,43.372,46.254,13,100,,1027
PAKISTAN,30.639,67.351,166,370,3487,4125
PAKISTAN,30.598,67.455,,1,,
CHINA,37.565,95.833,,3,,
INDONESIA,1.271,122.091,6,77,,1000
PANAMA,8.267,-82.967,,,,
CZECH REPUBLIC,49.914,18.455,2,3,,
IRAN,26.99,55.8,,5,,
CHINA,32.518,105.395,2,3,,
ARGENTINA,-32.938,-69.259,,,,
CHINA,23.97,97.569,,19,30,5400
MYANMAR (BURMA),23.97,97.569,,19,30,5400
AFGHANISTAN,36.401,71.075,,,,
INDONESIA,-0.414,132.885,5,250,,840
INDONESIA,-0.691,133.305,,,,
COSTA RICA,10.165,-84.197,23,100,518,
RUSSIA,46.857,155.154,,,,
PERU,-11.779,-75.626,,,50,500
INDONESIA,3.884,126.397,,64,,597
PAKISTAN,34.204,73.899,,44,,
CHINA,40.657,78.692,,,331,5613
TONGA,-23.046,-174.659,,,,
INDIA,22.399,85.903,,5,,
NICARAGUA,13.452,-86.06,,,3,10
ITALY,42.334,13.334,309,1500,15000,
ITALY,42.275,13.464,1,,,
INDIA,27.143,70.749,,6,,
AFGHANISTAN,34.185,70.076,19,51,200,
SAUDI ARABIA,25.212,37.597,,,,
SAUDI ARABIA,25.292,37.744,,7,,
INDIA,33.198,75.787,,,,100
MACEDONIA,41.303,22.714,,,,
HONDURAS,16.72,-86.236,7,40,135,25
VANUATU,-17.026,168.329,,10,,
VANUATU,-17.757,167.949,,4,,
KAZAKHSTAN,44.724,78.864,1,,,
GREECE,34.164,25.471,,,,
PANAMA,9.59,-78.966,,32,,10
CHINA,25.632,101.095,,336,,
NEW ZEALAND,-45.762,166.562,,,,
CHINA,31.158,85.902,,,6,
CHINA,29.358,105.438,2,1,440,
INDIA,14.099,92.888,,,,
JAPAN,34.743,138.264,1,123,,5192
INDONESIA,-1.479,99.49,,9,,
CHINA,37.696,95.718,,,,30
MYANMAR (BURMA),25.28,95.101,,,,
INDONESIA,-7.782,107.297,81,1297,,54000
GEORGIA,42.66,43.443,,1,,1000
VENEZUELA,10.705,-67.92,,18,,17
PHILIPPINES,6.513,124.715,,91,,76
INDONESIA,-9.138,115.593,,7,,
BHUTAN,27.332,91.437,11,,,
AUSTRALIA,-38.28,145.25,,,,
SAMOA,-15.489,-172.095,192,7,,
INDONESIA,-0.72,99.867,1117,1214,,181665
INDONESIA,-2.515,101.501,3,,,
VANUATU,-13.006,166.51,,,,
SOLOMON ISLANDS,-12.517,166.382,,,,
ECUADOR,-0.962,-77.817,,,,
AFGHANISTAN,36.517,70.95,5,,,
BHUTAN,27.262,91.417,,,1,116
CHINA,25.962,100.825,,28,1000,30000
IRAN,27.334,56.202,,269,,
INDONESIA,-8.207,118.631,2,200,,
VENEZUELA,10.434,-69.715,,,,
SOUTH AFRICA,-26.414,27.494,2,3,,
MALAWI,-9.948,33.878,1,15,,3000
INDIA,17.109,73.767,,,,
JAPAN,34.921,139.261,,7,,20
TAIWAN,23.796,121.605,,14,,
MALAWI,-10.108,33.818,3,250,1111,3565
MEXICO,32.437,-115.165,,,,
BHUTAN,27.319,91.51,,2,,700
TAJIKISTAN,38.245,71.467,,,98,1000
SOLOMON ISLANDS,-8.743,157.477,,,,
SOLOMON ISLANDS,-8.799,157.346,,,16,60
SOLOMON ISLANDS,-9.019,157.551,,,,
INDONESIA,-7.907,107.879,1,2,,
USA,40.652,-124.692,,30,,
HAITI,18.457,-72.533,316000,300000,97294,188383
VENEZUELA,10.454,-63.475,,11,,3
IRAN,32.45,48.3,,,,150
CHINA,25.558,105.804,7,9,,
CHINA,30.268,105.668,1,15,200,
CHINA,25.523,101.903,,11,,
JAPAN,25.93,128.425,,2,,
CHILE,-36.122,-72.898,558,12000,,500000
ARGENTINA,-24.872,-65.602,2,2,,
TAIWAN,22.918,120.795,,96,,340
TURKEY,38.864,39.986,51,100,287,700
CHILE,-34.29,-71.891,,,,
INDIA,13.667,92.831,,10,,
MEXICO,32.297,-115.278,2,233,,
INDONESIA,2.383,97.048,,,,
CHINA,33.165,96.548,2220,12135,15000,
AFGHANISTAN,35.633,67.658,11,70,2000,
AUSTRALIA,-30.794,121.406,,3,,
INDIA,30.099,80.026,,,,
PERU,-18.058,-70.547,,11,,
INDONESIA,3.748,96.018,,,,
ALGERIA,35.9,4.12,2,43,,
USA TERRITORY,18.4,-67.07,,,,
USA TERRITORY,16.591,145.682,,,,
INDIA,7.881,91.936,,,,
USA,32.7,-115.921,,,,
INDONESIA,-2.174,136.543,17,,2556,
INDIA,13.197,93.087,,,,
INDIA,29.872,80.428,,,,
CANADA,45.88,-75.48,,,,
MEXICO,16.396,-97.782,1,,,
IRAN,27.022,53.861,1,32,,
PHILIPPINES,6.486,123.467,,,,
IRAN,35.217,59.308,,274,,
VANUATU,-17.541,168.069,,,,
ECUADOR,-1.266,-77.306,,,,
USA TERRITORY,12.484,141.476,,,,
IRAN,35.49,54.47,3,200,700,
CHINA,27.197,103.005,,14,,1001
NEW ZEALAND,-43.522,171.83,,2,,
NEW ZEALAND,-43.57,172.388,,,,
NEW ZEALAND,-40.433,176.818,,,,
NEW ZEALAND,-43.598,172.69,,,,
BANGLADESH,23.407,90.648,,,,
IRAN,29.647,51.665,1,3,,
PAKISTAN,33.869,72.887,1,15,,100
INDONESIA,-3.487,100.082,431,,700,
SERBIA,43.76,20.673,2,100,1000,5000
IRAN,33.37,48.94,,104,,
PAKISTAN,30.178,67.117,,12,,
ETHIOPIA,7.521,37.839,,,,
USA,35.827,-96.772,,,,
IRAN,28.412,59.18,7,25,,1800
JAPAN,26.901,143.698,,,,
VANUATU,-19.702,167.947,,4,,
NEW ZEALAND,-43.55,172.647,,,,20
IRAN,30.16,51.62,,16,,
VANUATU,-19.157,168.311,,,,
PAKISTAN,28.777,63.951,3,,,200
CHINA,24.693,97.943,,1,,700
MYANMAR (BURMA),24.618,94.68,1,,,
CHILE,-36.474,-73.125,,,,
USA,38.947,-107.497,,,,
NEW ZEALAND,-43.583,172.68,181,1500,100000,
PHILIPPINES,9.457,125.935,,,,
JAPAN,38.435,142.842,,,,
CHINA,24.719,97.969,25,250,1039,12528
JAPAN,38.297,142.372,18434,6157,123661,280920
JAPAN,36.281,141.111,,,,
JAPAN,38.058,144.59,,,,
MYANMAR (BURMA),20.687,99.822,75,123,,10104
NEPAL,29.698,80.754,,,,
JAPAN,38.276,141.588,3,132,,
CHINA,31.373,100.757,,,,
JAPAN,37.001,140.401,7,,3,
INDONESIA,-4.586,122.771,,14,,
SPAIN,37.699,-1.672,10,,,
TURKEY,39.12,29.04,2,125,,
CHINA,43.015,88.247,,8,,50
NEW ZEALAND,-43.564,172.743,1,45,100,
CHINA,25.075,98.721,,4,,
USA,52.05,-171.836,,,,
CHINA,32.447,95.948,,,10,
KERMADEC ISLANDS (NEW ZEALAND),-29.539,-176.34,,,,
JAPAN,38.034,143.264,,,,
UZBEKISTAN,40.081,71.41,14,86,,
CHINA,24.932,98.73,,3,,22823
CHINA,39.955,77.028,,21,,
VANUATU,-18.365,168.143,,,,
VANUATU,-18.311,168.218,,,,
USA,37.063,-104.701,,,,
USA,37.936,-77.933,,,,
USA,52.171,-171.708,,,,
INDONESIA,2.965,97.893,10,,,
INDIA,28.724,77.189,,1,,
INDIA,27.73,88.155,111,177,,6000
GUATEMALA,14.186,-90.238,1,,,
INDIA,21.211,70.533,,34,,3000
KERMADEC ISLANDS (NEW ZEALAND),-28.993,-176.238,,,,
TURKEY,38.722,43.513,604,2608,5739,4882
PERU,-14.438,-75.966,1,103,134,
INDIA,27.449,88.684,2,,,
ECUADOR,-0.13,-78.37,,,,
CHINA,43.648,82.437,,,2453,
USA,35.532,-96.765,,2,14,
PHILIPPINES,7.904,125.185,,31,,23
USA,35.531,-96.788,,,,
TURKEY,38.429,43.229,40,,,
INDIA,24.955,95.236,,,,
EL SALVADOR,13.297,-87.898,,,,80
CHINA,38.31,76.888,,,,300
NEW ZEALAND,-41.364,174.315,,,,
MEXICO,17.844,-99.963,2,5,,70
NEW ZEALAND,-43.49,172.8,,60,,
RUSSIA,51.842,95.911,,,,
IRAN,36.288,58.835,,238,,
PERU,-14.168,-75.635,,119,,
VANUATU,-17.827,167.133,,,,
PHILIPPINES,9.999,123.206,51,112,15000,
TAIWAN,22.661,120.891,,,,
IRAN,31.428,56.778,,6,,
PHILIPPINES,12.354,123.7,,10,1,
VANUATU,-19.125,169.613,,,,
JAPAN,40.887,144.944,,,,
PHILIPPINES,10.037,125.633,,55,4,
MEXICO,16.493,-98.231,2,13,800,
CHILE,-35.2,-72.217,1,14,,
INDONESIA,2.327,93.063,10,12,,
INDONESIA,0.802,92.463,,,,
VANUATU,-18.972,168.741,,,,
CHILE,-32.625,-71.365,2,,,
IRAN,32.747,47.726,,8,,
AZERBAIJAN,41.549,46.789,,50,3100,
INDIA,26.175,92.889,,2,,
TAJIKISTAN,38.612,70.354,1,,,
CHILE,-17.678,-69.591,,,,
BRAZIL,-16.764,-43.999,,,,6
ITALY,44.89,11.23,7,50,,
ITALY,44.831,11.49,,,,
BULGARIA,42.645,22.968,,,,90
ITALY,44.851,11.086,17,350,,
INDONESIA,-7.692,106.371,,2,,23
TURKEY,36.42,28.88,,6,,
AFGHANISTAN,36.023,69.351,75,13,143,593
TURKEY,37.294,42.325,,23,,25
CHINA,27.767,100.781,4,394,6768,
CHINA,43.433,84.7,,52,,30000
CHINA,32.978,119.593,1,2,,
INDONESIA,2.707,96.045,1,,,20
SOLOMON ISLANDS,-9.694,159.727,,,26,
IRAN,38.329,46.826,306,3000,,
RUSSIA,49.8,145.064,,,,
INDONESIA,-1.315,120.096,6,43,471,1097
NICARAGUA,12.139,-88.59,,,,
PHILIPPINES,10.811,126.638,1,1,,
COSTA RICA,10.085,-85.315,2,20,,
CHINA,27.575,103.983,81,821,37000,133000
INDIA,23.739,81.314,,,,1
CANADA,52.788,-132.101,1,,,
GUATEMALA,13.988,-91.895,48,155,2769,7561
MYANMAR (BURMA),23.005,95.885,26,230,251,
CHINA,40.411,90.355,,,,
IRAN,33.506,59.571,8,12,,
JAPAN,37.89,143.949,,11,,
USA,55.393,-134.652,,,,
INDONESIA,4.927,95.907,1,15,,71
SOLOMON ISLANDS,-10.799,165.114,10,15,588,478
SOLOMON ISLANDS,-10.928,166.018,,,,
COLOMBIA,1.135,-77.393,,15,100,1900
RUSSIA,55.15,61.41,,1000,,4000
CHINA,27.226,103.071,,8,72,949
PERU,-15.748,-71.425,,,,80
CHINA,25.98,99.812,,30,700,2500
CHINA,40.119,77.466,,,864,
TAIWAN,23.828,121.215,1,86,,
IRAN,28.428,51.593,37,850,,700
HONDURAS,15.52,-87.159,,,12,66
JAPAN,34.369,134.828,,24,,
IRAN,28.033,61.996,40,300,,1000
JAPAN,33.958,139.352,,3,,
USA,31.817,-97.088,14,200,50,
RUSSIA,46.221,150.788,,,,
CHINA,30.308,102.888,196,11470,,
AFGHANISTAN,34.526,70.22,18,141,,676
INDIA,33.061,75.863,3,90,1136,95532
IRAN,26.56,57.77,2,20,,
ALGERIA,36.703,5.261,,5,,
RUSSIA,54.892,153.221,,,,
PHILIPPINES,7.275,124.898,,33,,164
TAIWAN,23.789,121.141,4,21,,
RUSSIA,54.263,86.173,,,,500
INDONESIA,-8.305,116.058,,50,5370,1700
INDONESIA,4.645,96.665,42,2500,20401,
INDONESIA,-8.803,113.002,,1,124,
ALGERIA,36.534,3.086,,11,,
NEW ZEALAND,-41.704,174.337,,5,,35
CHINA,34.512,104.262,94,1001,1968,22496
INDIA,33.297,75.95,,2,,
GREECE,38.689,22.695,,,100,
CHINA,30.046,97.957,,,,
NEW ZEALAND,-41.731,174.027,,,,
MEXICO,16.878,-99.498,,1,,
CHINA,28.239,99.328,,,36,36
CHINA,28.243,99.35,5,24,600,55500
GUATEMALA,14.606,-92.121,1,11,3,
PAKISTAN,26.951,65.501,825,619,32638,14118
PERU,-16.15,-74.87,,,,
PAKISTAN,27.183,65.505,22,50,,
GREECE,35.514,23.252,,1,,
PHILIPPINES,9.88,124.117,222,976,,
INDONESIA,5.103,95.971,1,2,,160
JAPAN,37.2,144.6,,1,,
TAJIKISTAN,38.41,68.89,,,104,256
ANTARCTICA,-60.274,-46.401,,,,
CHINA,44.599,124.168,,,,5300
IRAN,29.275,51.313,8,200,250,
IRAN,27.15,54.448,1,30,,
COLOMBIA,4.557,-76.644,,,,121
USA TERRITORY,19.043,-66.81,,,,
NEW ZEALAND,-40.66,175.814,,,,
INDONESIA,-7.986,109.265,,,1,
GREECE,38.208,20.453,,6,,
IRAN,26.589,57.741,,,,
GREECE,38.244,20.379,,16,,
USA,35.937,-97.271,,,,
CHINA,35.905,82.586,,,67,1001
AUSTRALIA,-30.686,121.332,,,,
JAPAN,33.684,131.825,,18,,
CHILE,-19.965,-70.814,,,,
USA,33.863,-117.835,,,,20
CHILE,-19.61,-70.769,7,,,2600
CHILE,-20.571,-70.493,,,,
CHINA,28.174,103.619,,21,75,2700
NICARAGUA,12.403,-86.378,2,250,168,2210
PAPUA NEW GUINEA,-6.586,155.049,1,,51,
SOLOMON ISLANDS,-11.27,162.148,,,,
SOLOMON ISLANDS,-11.463,162.051,,,,
NICARAGUA,12.151,-86.281,,,7,
MEXICO,17.397,-100.972,,,,127
PAPUA NEW GUINEA,-6.755,155.024,,,,
THAILAND,19.656,99.67,1,32,20,
MEXICO,17.235,-100.746,,,,
PAKISTAN,26.387,68.358,2,70,,
GERMANY,49.799,8.69,,,,70
ALBANIA,41.115,19.777,,,,
GREECE,40.24,25.33,3,266,,
CHINA,25,97.845,,45,3390,18000
NEW ZEALAND,-29.977,-177.725,,,,
USA,51.849,178.735,,,,
MEXICO,14.728,-92.578,3,33,,50
JAPAN,37.005,142.453,,3,,
USA,35.524,-97.146,,,,
USA,58.306,-136.96,,,,
MEXICO,17.682,-95.653,1,1,,
ALGERIA,36.841,3.301,6,420,,
CHINA,27.189,103.409,615,3143,25800,160400
SOUTH AFRICA,-26.99,26.705,1,17,13,1433
ECUADOR,-0.018,-78.322,2,8,,89
CHINA,28.125,103.546,,6,,337
IRAN,32.663,47.673,,330,2700,17000
USA,38.216,-122.312,1,257,160,1034
PHILIPPINES,6.864,125.233,,1,15,67
PERU,-13.843,-71.695,8,6,106,
CHINA,23.383,100.47,1,323,,
CHILE,-32.108,-110.811,,,,
EL SALVADOR,12.526,-88.123,1,,5,41
INDONESIA,1.893,126.522,,,,
CHINA,30.34,101.737,5,65,30,27400
JAPAN,36.641,137.888,,45,50,
CHINA,23.358,100.533,1,15,434,17000
ALGERIA,36.492,3.025,,,,
CHINA,29.353,103.199,,11,,2000
JAPAN,39.856,142.881,,,,
VANUATU,-16.431,168.148,,,,
CHINA,23.01,101.755,,,,276
BOSNIA-HERZEGOVINA,44.534,18.934,4,1,,
CHINA,44.133,85.568,,,,1728
PAKISTAN,34.671,73.278,,5,,2
PERU,-15.693,-71.934,,,64,500
CHINA,23.5,98.9,,39,220,15800
SERBIA,44.088,19.861,,,,100
COLOMBIA,6.8,-73.01,,,180,2167
CHINA,33.15,115.8,2,13,155,11079
PAPUA NEW GUINEA,-4.729,152.562,,,,
TAIWAN,24.203,122.316,1,1,,19
NEPAL,28.231,84.731,8200,17866,299588,269107
JAPAN,31.529,140.213,,,,
PAPUA NEW GUINEA,-5.462,151.875,,,,
NEPAL,27.809,86.066,117,2800,,
JAPAN,27.839,140.493,,12,,
MALAYSIA,5.987,116.541,18,,,23
INDIA,26.638,90.41,,2,,
CHINA,37.6,78.2,3,263,3000,
PHILIPPINES,10.169,125.891,1,,,
SOLOMON ISLANDS,-9.307,158.403,,,,
SOLOMON ISLANDS,-10.401,165.141,,,,
PAKISTAN,33.856,73.193,3,1,3,
USA,52.214,-169.399,,,,
INDONESIA,-2.629,138.528,1,,1,6
PANAMA,8.231,-77.315,,6,,45
RWANDA,-2.141,28.897,3,30,,
EL SALVADOR,13.668,-88.478,,4,,92
CHILE,-31.573,-71.674,15,14,2305,10044
INDONESIA,-0.59,131.27,,62,,260
ARGENTINA,-25.442,-64.632,2,30,15,
AFGHANISTAN,36.524,70.368,399,1770,29230,79893
INDONESIA,-8.338,124.875,,,,1468
VENEZUELA,8.477,-71.365,1,,33,83
CHILE,-29.439,-72.105,,,,
JAPAN,31.001,128.873,,,,
GREECE,38.67,20.6,2,4,1,
KYRGYZSTAN,40.376,73.204,,,200,800
VENEZUELA,8.48,-71.42,1,3,,6
PERU,-10.77,-71.41,,,,
PERU,-10.07,-70.98,,,,
TAJIKISTAN,38.211,72.78,2,,500,
MEXICO,15.802,-93.633,2,,,
AFGHANISTAN,36.494,71.126,4,97,,
INDIA,24.804,93.651,13,100,,
INDONESIA,-3.873,127.229,1,22,,230
USA,59.658,-153.452,,,4,
MOROCCO,35.649,-3.682,1,26,,
TAIWAN,22.97,120.46,117,525,,
INDONESIA,-4.952,94.33,,,,
AFGHANISTAN,36.473,71.131,6,5,,20
MYANMAR (BURMA),23.094,94.865,2,170,,4
JAPAN,32.791,130.754,50,1500,80000,
ECUADOR,0.35,-80.16,663,6274,6998,29672
VANUATU,-16.043,167.379,,,,
CHINA,32.022,95.027,,60,,
ECUADOR,0.495,-79.616,1,162,,32
ALGERIA,36.431,3.517,,28,,
INDONESIA,-2.097,100.665,1,30,,2663
INDONESIA,1.279,126.371,,,,
TAJIKISTAN,38.881,70.559,,,31,
USA TERRITORY,18.543,145.507,,,,
CHINA,24.134,111.478,,,,200
INDONESIA,-8.194,117.814,,4,,700
NEW CALEDONIA,-22.477,173.117,,,,
PERU,-15.64,-71.68,9,68,605,671
SOUTH GEORGIA AND THE SOUTH SANDWICH ISLANDS,-55.285,-31.877,,,,
ITALY,42.704,13.238,299,368,,
MYANMAR (BURMA),20.923,94.569,4,20,,230
NEW ZEALAND,-37.359,179.146,,,,
TANZANIA,-1.036,31.618,23,252,1172,6281
MACEDONIA,42.008,21.488,,30,,
SOUTH KOREA,35.781,129.216,1,14,,106
RWANDA,-2.65,29.06,8,,22,
NICARAGUA,12.442,-86.515,1,5,6,487
PAKISTAN,34.905,73.682,1,,,
JAPAN,35.374,133.809,,7,2,160
ITALY,42.956,13.067,1,,,1001
ITALY,42.84,13.11,2,20,,
USA,35.988,-96.805,,,,50
NEW ZEALAND,-42.737,173.054,2,,1,
JAPAN,37.393,141.387,,15,,
NICARAGUA,11.96,-88.835,,,,
CHINA,39.273,73.978,1,,,
NEPAL,27.802,86.532,1,1,2,
POLAND,51.613,16.157,8,9,,
COSTA RICA,9.949,-83.807,,,,60
PERU,-15.44,-70.93,1,17,8,40
INDONESIA,5.283,96.168,104,857,245,18752
CHINA,43.823,86.345,1,,,
SOLOMON ISLANDS,-10.681,161.327,1,,191,126
SOLOMON ISLANDS,-10.749,161.132,,,,
PAPUA NEW GUINEA,-4.505,153.522,,,,
ECUADOR,0.93,-79.84,3,47,10,70
CHILE,-43.517,-74.391,,,,
INDIA,24.015,92.018,3,,,
FIJI,-19.373,176.052,,,,
IRAN,28.2,53.107,4,4,,
MADAGASCAR,-20.16,46.647,2,,,
ITALY,42.529,13.282,34,,,
PAPUA NEW GUINEA,-6.246,155.172,3,,,
TURKEY,39.599,26.065,,5,,90
COLOMBIA,3.449,-74.672,,,,378
PAKISTAN,25.191,63.264,,,20,
PHILIPPINES,9.907,125.452,8,202,215,3042
ZAMBIA,-8.44,30.031,,5,,
PHILIPPINES,9.831,125.496,1,45,13,
MYANMAR (BURMA),17.415,95.999,2,36,,
IRAN,35.8,60.436,2,11,,
PHILIPPINES,13.725,120.929,,6,506,2108
EL SALVADOR,13.753,-89.16,1,3,,
CHILE,-33.073,-72.051,,,,
PHILIPPINES,5.516,125.093,,2,1,
USA,59.844,-136.695,,,,
CHINA,37.659,75.253,8,23,1500,
IRAN,37.777,57.195,2,400,,
TANZANIA,-3.054,32.893,1,18,,
TURKEY,38.765,27.775,,,,35
INDONESIA,-1.289,120.453,,25,5,348
GREECE,38.932,26.364,1,15,10,250
GUATEMALA,14.982,-91.988,5,30,,
NEPAL,27.64,85.17,1,1,,
GUATEMALA,13.753,-90.949,,4,,53
MOZAMBIQUE,-19.444,34.509,,4,2,2
PHILIPPINES,11.114,124.633,3,448,,
RUSSIA,54.472,168.815,,,,
PERU,-16.416,-73.636,1,1,,
TURKEY,36.949,27.458,2,500,,
CHILE,-33.212,-70.626,1,,,
CHINA,33.193,103.855,25,525,100,72500
CHINA,44.323,82.837,,32,,
PERU,-16.299,-73.474,1,,,
ITALY,40.78,13.945,2,42,,
PHILIPPINES,11.014,124.736,2,,,56
MEXICO,15.022,-93.899,98,,5000,53152
MEXICO,18.584,-98.399,369,,226,27792
MEXICO,16.737,-94.946,5,2,11,
PHILIPPINES,7.629,124.874,,,,1759
NEW CALEDONIA,-21.66,169.203,,,,
INDONESIA,-3.745,127.752,1,,,14
NEW CALEDONIA,-21.63,168.884,,,,
IRAN,34.886,45.941,630,12900,15500,14500
COSTA RICA,9.526,-84.505,2,,,
SOUTH KOREA,36.065,129.27,,90,,2000
INDONESIA,2.382,128.144,1,,,294
NEW CALEDONIA,-21.334,168.683,,,,
CHINA,29.362,108.104,,8,1,30
IRAN,30.765,57.331,,51,,
INDONESIA,-7.734,108.023,4,36,,4825
IRAN,35.654,50.949,2,115,,
IRAN,35.692,50.9,1,57,,
MONTENEGRO,42.658,19.883,,,,
IRAN,34.649,45.799,,51,,
NETHERLANDS,53.2,6.6,,,,
HONDURAS,17.474,-83.519,,,,7
IRAN,33.764,45.749,,13,,
PERU,-15.776,-74.744,2,139,259,1577
INDONESIA,-7.196,105.918,1,11,,2760
USA,56.046,-149.073,,,,
AFGHANISTAN,36.543,70.816,2,15,,
ECUADOR,-1.756,-77.694,1,,,
TAIWAN,24.174,121.653,17,291,4,
MEXICO,16.646,-97.653,13,,,1000
PAPUA NEW GUINEA,-6.068,142.768,145,300,,
PAPUA NEW GUINEA,-6.182,142.492,1,,,
PAPUA NEW GUINEA,-6.307,142.62,11,,,
PAPUA NEW GUINEA,-6.294,142.607,25,,1,
IRAN,34.456,45.764,,54,,
VENEZUELA,8.346,-71.664,,,,28
PAPUA NEW GUINEA,-5.841,142.49,4,,,
JAPAN,35.262,132.541,,8,,429
ITALY,43.093,13.046,,,,
INDONESIA,-7.21,109.65,3,21,,316
TURKEY,37.596,38.514,,39,,
IRAN,30.715,51.485,,133,,
SOUTH AFRICA,-26.4,27.5,7,6,,
USA,19.37,-155.032,,1,716,
POLAND,50.11,18.71,5,2,,
EL SALVADOR,13.095,-88.099,,1,11,298
AFGHANISTAN,36.99,71.369,,13,,45
COMOROS,-12.778,45.593,,3,,
CHINA,45.279,124.557,,,,10000
AZERBAIJAN,41.526,46.785,1,31,,
COLOMBIA,1.032,-77.259,2,,1,
JAPAN,34.833,135.612,5,380,,470
INDONESIA,-0.965,100.771,1,2,2,10
IRAN,34.645,46.179,,287,,951
INDONESIA,-8.274,116.491,17,355,5448,
INDONESIA,-8.287,116.452,560,7733,,83392
INDONESIA,-8.394,116.208,2,24,,
CHINA,24.322,102.941,,24,,6000
FIJI,-18.178,-178.111,,,,
INDONESIA,-8.325,116.577,2,1,,1705
INDONESIA,-8.324,116.626,10,24,,151
VENEZUELA,10.855,-62.883,5,,,
IRAN,34.663,46.277,2,267,,2600
NEW CALEDONIA,-22.066,170.05,,,,
JAPAN,42.671,141.933,44,660,,
FIJI,-18.494,179.332,,,,
IRAN,28.342,59.315,1,2,,
CHINA,23.332,101.552,,28,,29000
INDIA,26.374,90.165,1,,,
INDONESIA,-0.178,119.84,2256,4612,5864,69483
HAITI,20.041,-72.975,18,580,,11497
INDONESIA,-7.456,114.453,4,36,,433
GREECE,37.506,20.563,,3,,
INDONESIA,-2.916,119.435,7,,,
IRAN,34.304,45.74,1,759,,
AFGHANISTAN,35.817,68.682,,9,,60
USA,61.34,-149.937,,117,2,1650
NEW CALEDONIA,-21.969,169.446,,,,
VANUATU,-16.368,168.213,,,,
CHINA,28.264,104.991,,17,15,6145
MOZAMBIQUE,-20.644,32.801,,10,600,
ITALY,37.555,15.166,,28,15,
CHINA,28.261,104.984,,774,,691
IRAN,34.121,45.681,,75,,
POLAND,51.52,16.09,1,6,,
CHILE,-30.074,-71.423,2,,,260
POLAND,50.08,18.39,1,8,,
MEXICO,14.763,-92.298,,4,,
INDIA,19.6,72.8,1,,,
AZERBAIJAN,40.892,48.602,,3,,3000
ECUADOR,-2.199,-77.023,1,9,5,75
CHINA,29.498,104.632,2,12,9,10911
INDONESIA,-1.301,101.601,,48,,343
PERU,-14.684,-70.127,1,1,,
INDONESIA,-8.418,116.52,6,,843,3613
TANZANIA,-7.878,32.085,1,,4,
INDONESIA,-1.852,122.553,1,,,
TAIWAN,23.989,121.693,1,16,,
PHILIPPINES,14.924,120.497,18,183,1046,3329
PAPUA NEW GUINEA,-6.977,146.44,,,130,
PAPUA NEW GUINEA,-4.081,152.569,,,,
CHINA,45.205,124.611,,,,167
NETHERLANDS,53.394,6.586,,,,840
PERU,-5.796,-75.298,2,30,,
ALBANIA,40.501,20.722,,4,,100
CHILE,-30.056,-72.082,,,,
NEW ZEALAND,-30.805,-178.095,,,,
CHINA,28.405,104.957,13,200,,12700
JAPAN,38.646,139.472,,28,,144
POLAND,50.287,18.997,3,6,,
USA,35.705,-117.506,1,,,
USA,35.766,-117.605,,,,50
IRAN,31.775,49.542,1,128,,
PHILIPPINES,9.334,126.04,,25,,
INDONESIA,-0.529,128.093,5,,1000,
GREECE,38.115,23.505,,4,,
